region,segment,intercept_exvat,slope,resid_sd,n,note
A,offpeak,-0.0208,0.95402,0.0607,29479,price_exvat_region = intercept + slope * price_exvat_K; inc VAT = x1.05; cap 100p inc VAT
A,peak,1.4856,0.9554,0.0606,4186,price_exvat_region = intercept + slope * price_exvat_K; inc VAT = x1.05; cap 100p inc VAT
B,offpeak,-0.0417,0.90804,0.1212,29479,price_exvat_region = intercept + slope * price_exvat_K; inc VAT = x1.05; cap 100p inc VAT
B,peak,2.9715,0.91079,0.121,4186,price_exvat_region = intercept + slope * price_exvat_K; inc VAT = x1.05; cap 100p inc VAT
C,offpeak,-0.0417,0.90804,0.1212,29479,price_exvat_region = intercept + slope * price_exvat_K; inc VAT = x1.05; cap 100p inc VAT
C,peak,0.9715,0.91079,0.121,4186,price_exvat_region = intercept + slope * price_exvat_K; inc VAT = x1.05; cap 100p inc VAT
D,offpeak,0.0,1.0,0.0,29479,price_exvat_region = intercept + slope * price_exvat_K; inc VAT = x1.05; cap 100p inc VAT
D,peak,1.0,1.0,0.0,4186,price_exvat_region = intercept + slope * price_exvat_K; inc VAT = x1.05; cap 100p inc VAT
E,offpeak,-0.0208,0.95402,0.0607,29479,price_exvat_region = intercept + slope * price_exvat_K; inc VAT = x1.05; cap 100p inc VAT
E,peak,0.4856,0.9554,0.0606,4186,price_exvat_region = intercept + slope * price_exvat_K; inc VAT = x1.05; cap 100p inc VAT
F,offpeak,-0.0208,0.95402,0.0607,29479,price_exvat_region = intercept + slope * price_exvat_K; inc VAT = x1.05; cap 100p inc VAT
F,peak,0.4856,0.9554,0.0606,4186,price_exvat_region = intercept + slope * price_exvat_K; inc VAT = x1.05; cap 100p inc VAT
G,offpeak,-0.0208,0.95402,0.0607,29479,price_exvat_region = intercept + slope * price_exvat_K; inc VAT = x1.05; cap 100p inc VAT
G,peak,0.4856,0.9554,0.0606,4186,price_exvat_region = intercept + slope * price_exvat_K; inc VAT = x1.05; cap 100p inc VAT
H,offpeak,-0.0208,0.95402,0.0607,29479,price_exvat_region = intercept + slope * price_exvat_K; inc VAT = x1.05; cap 100p inc VAT
H,peak,0.4856,0.9554,0.0606,4186,price_exvat_region = intercept + slope * price_exvat_K; inc VAT = x1.05; cap 100p inc VAT
J,offpeak,0.0,1.0,0.0,29479,price_exvat_region = intercept + slope * price_exvat_K; inc VAT = x1.05; cap 100p inc VAT
J,peak,-0.0,1.0,0.0,4186,price_exvat_region = intercept + slope * price_exvat_K; inc VAT = x1.05; cap 100p inc VAT
K,offpeak,0.0,1.0,0.0,29479,price_exvat_region = intercept + slope * price_exvat_K; inc VAT = x1.05; cap 100p inc VAT
K,peak,-0.0,1.0,0.0,4186,price_exvat_region = intercept + slope * price_exvat_K; inc VAT = x1.05; cap 100p inc VAT
L,offpeak,0.0208,1.04598,0.0606,29477,price_exvat_region = intercept + slope * price_exvat_K; inc VAT = x1.05; cap 100p inc VAT
L,peak,-1.4856,1.0446,0.0606,4185,price_exvat_region = intercept + slope * price_exvat_K; inc VAT = x1.05; cap 100p inc VAT
M,offpeak,-0.0417,0.90804,0.1212,29479,price_exvat_region = intercept + slope * price_exvat_K; inc VAT = x1.05; cap 100p inc VAT
M,peak,1.9715,0.91079,0.121,4186,price_exvat_region = intercept + slope * price_exvat_K; inc VAT = x1.05; cap 100p inc VAT
N,offpeak,-0.0208,0.95402,0.0607,29479,price_exvat_region = intercept + slope * price_exvat_K; inc VAT = x1.05; cap 100p inc VAT
N,peak,1.4856,0.9554,0.0606,4186,price_exvat_region = intercept + slope * price_exvat_K; inc VAT = x1.05; cap 100p inc VAT
P,offpeak,0.0416,1.09197,0.1211,29477,price_exvat_region = intercept + slope * price_exvat_K; inc VAT = x1.05; cap 100p inc VAT
P,peak,-0.9701,1.08916,0.121,4179,price_exvat_region = intercept + slope * price_exvat_K; inc VAT = x1.05; cap 100p inc VAT
