event,days,base_rate,n_events,possible_thr,possible_prec,possible_rec,possible_flags_per_day,likely_thr,likely_prec,likely_rec,likely_flags_per_day,very_likely_thr,very_likely_prec,very_likely_rec,very_likely_flags_per_day
neg,2-3,0.024093746577592817,880,0.08,0.4720812182741117,0.634090909090909,1.5511811023622046,0.25,0.5612745098039216,0.26022727272727275,0.5354330708661418,0.5,0.7083333333333334,0.1159090909090909,0.1889763779527559
neg,4-5,0.02339535395794341,850,0.08,0.41487068965517243,0.45294117647058824,1.2242744063324538,0.25,0.6256684491978609,0.2752941176470588,0.49340369393139843,0.5,0.7583892617449665,0.13294117647058823,0.19656992084432717
neg,6-7,0.02280022136137244,824,0.08,0.3526912181303116,0.30218446601941745,0.9363395225464191,0.25,0.4528301886792453,0.11650485436893204,0.28116710875331563,0.5,0.5686274509803921,0.03519417475728155,0.06763925729442971
neg,2-7,0.023432052552387242,2554,0.08,0.42329545454545453,0.4667188723570869,1.231846019247594,0.25,0.562374245472837,0.2188723570869225,0.4348206474190726,0.5,0.7093023255813954,0.09553641346906813,0.1504811898512686
sub5,2-3,0.06384842843062097,2332,0.1,0.5517672818267125,0.7564322469982847,4.195538057742782,0.3,0.7008905185961236,0.5737564322469982,2.505249343832021,0.6,0.8278529980657641,0.3670668953687822,1.356955380577428
sub5,4-5,0.06258945282395684,2274,0.1,0.4893863373214975,0.5576077396657871,3.4182058047493404,0.3,0.6554621848739496,0.37730870712401055,1.7269129287598945,0.6,0.8355957767722474,0.2436235708003518,0.8746701846965699
sub5,6-7,0.061732152739346985,2231,0.1,0.3663551401869159,0.3514119229045271,2.8381962864721486,0.3,0.4771178188899708,0.21963245181532945,1.3620689655172413,0.6,0.5755395683453237,0.07171671896010758,0.3687002652519894
sub5,2-7,0.06272707255312121,6837,0.1,0.48133198789101916,0.5581395348837209,3.468066491688539,0.3,0.6327444051825677,0.39286236653503,1.8569553805774277,0.6,0.7949367088607595,0.22963287991809272,0.8639545056867891
sub10,2-3,0.09642974482532034,3522,0.1,0.5467017477917685,0.8259511641113004,6.982939632545932,0.3,0.7001499250374813,0.6629755820556502,4.376640419947506,0.6,0.824,0.4386712095400341,2.4606299212598426
sub10,4-5,0.09473742155675438,3442,0.1,0.5195253505933117,0.6995932597327136,6.114775725593668,0.3,0.6535564853556486,0.4538059267867519,3.153034300791557,0.6,0.7774936061381074,0.26496223126089485,1.5474934036939314
sub10,6-7,0.09313779745434422,3366,0.1,0.45157922213521273,0.5139631610219846,5.0809018567639255,0.3,0.5458057395143487,0.2938205585264409,2.4031830238726792,0.6,0.5972602739726027,0.1295306001188354,0.9681697612732095
sub10,2-7,0.09477412015119821,10330,0.1,0.5111336766519184,0.682187802516941,6.031058617672791,0.3,0.6482685418601566,0.4729912875121007,3.2970253718285214,0.6,0.7657490735839069,0.2800580832526621,1.652668416447944
